Date,Year,Month,MonthName,YearMonth,Weekday
5/23/2024,2024,5,May,2024-05,Thursday
5/24/2024,2024,5,May,2024-05,Friday
5/25/2024,2024,5,May,2024-05,Saturday
5/26/2024,2024,5,May,2024-05,Sunday
5/27/2024,2024,5,May,2024-05,Monday
5/28/2024,2024,5,May,2024-05,Tuesday
5/29/2024,2024,5,May,2024-05,Wednesday
5/30/2024,2024,5,May,2024-05,Thursday
5/31/2024,2024,5,May,2024-05,Friday
6/1/2024,2024,6,June,2024-06,Saturday
6/2/2024,2024,6,June,2024-06,Sunday
6/3/2024,2024,6,June,2024-06,Monday
6/4/2024,2024,6,June,2024-06,Tuesday
6/5/2024,2024,6,June,2024-06,Wednesday
6/6/2024,2024,6,June,2024-06,Thursday
6/7/2024,2024,6,June,2024-06,Friday
6/8/2024,2024,6,June,2024-06,Saturday
6/9/2024,2024,6,June,2024-06,Sunday
6/10/2024,2024,6,June,2024-06,Monday
6/11/2024,2024,6,June,2024-06,Tuesday
6/12/2024,2024,6,June,2024-06,Wednesday
6/13/2024,2024,6,June,2024-06,Thursday
6/14/2024,2024,6,June,2024-06,Friday
6/15/2024,2024,6,June,2024-06,Saturday
6/16/2024,2024,6,June,2024-06,Sunday
6/17/2024,2024,6,June,2024-06,Monday
6/18/2024,2024,6,June,2024-06,Tuesday
6/19/2024,2024,6,June,2024-06,Wednesday
6/20/2024,2024,6,June,2024-06,Thursday
6/21/2024,2024,6,June,2024-06,Friday
6/22/2024,2024,6,June,2024-06,Saturday
6/23/2024,2024,6,June,2024-06,Sunday
6/24/2024,2024,6,June,2024-06,Monday
6/25/2024,2024,6,June,2024-06,Tuesday
6/26/2024,2024,6,June,2024-06,Wednesday
6/27/2024,2024,6,June,2024-06,Thursday
6/28/2024,2024,6,June,2024-06,Friday
6/29/2024,2024,6,June,2024-06,Saturday
6/30/2024,2024,6,June,2024-06,Sunday
7/1/2024,2024,7,July,2024-07,Monday
7/2/2024,2024,7,July,2024-07,Tuesday
7/3/2024,2024,7,July,2024-07,Wednesday
7/4/2024,2024,7,July,2024-07,Thursday
7/5/2024,2024,7,July,2024-07,Friday
7/6/2024,2024,7,July,2024-07,Saturday
7/7/2024,2024,7,July,2024-07,Sunday
7/8/2024,2024,7,July,2024-07,Monday
7/9/2024,2024,7,July,2024-07,Tuesday
7/10/2024,2024,7,July,2024-07,Wednesday
7/11/2024,2024,7,July,2024-07,Thursday
7/12/2024,2024,7,July,2024-07,Friday
7/13/2024,2024,7,July,2024-07,Saturday
7/14/2024,2024,7,July,2024-07,Sunday
7/15/2024,2024,7,July,2024-07,Monday
7/16/2024,2024,7,July,2024-07,Tuesday
7/17/2024,2024,7,July,2024-07,Wednesday
7/18/2024,2024,7,July,2024-07,Thursday
7/19/2024,2024,7,July,2024-07,Friday
7/20/2024,2024,7,July,2024-07,Saturday
7/21/2024,2024,7,July,2024-07,Sunday
7/22/2024,2024,7,July,2024-07,Monday
7/23/2024,2024,7,July,2024-07,Tuesday
7/24/2024,2024,7,July,2024-07,Wednesday
7/25/2024,2024,7,July,2024-07,Thursday
7/26/2024,2024,7,July,2024-07,Friday
7/27/2024,2024,7,July,2024-07,Saturday
7/28/2024,2024,7,July,2024-07,Sunday
7/29/2024,2024,7,July,2024-07,Monday
7/30/2024,2024,7,July,2024-07,Tuesday
7/31/2024,2024,7,July,2024-07,Wednesday
8/1/2024,2024,8,August,2024-08,Thursday
8/2/2024,2024,8,August,2024-08,Friday
8/3/2024,2024,8,August,2024-08,Saturday
8/4/2024,2024,8,August,2024-08,Sunday
8/5/2024,2024,8,August,2024-08,Monday
8/6/2024,2024,8,August,2024-08,Tuesday
8/7/2024,2024,8,August,2024-08,Wednesday
8/8/2024,2024,8,August,2024-08,Thursday
8/9/2024,2024,8,August,2024-08,Friday
8/10/2024,2024,8,August,2024-08,Saturday
8/11/2024,2024,8,August,2024-08,Sunday
8/12/2024,2024,8,August,2024-08,Monday
8/13/2024,2024,8,August,2024-08,Tuesday
8/14/2024,2024,8,August,2024-08,Wednesday
8/15/2024,2024,8,August,2024-08,Thursday
8/16/2024,2024,8,August,2024-08,Friday
8/17/2024,2024,8,August,2024-08,Saturday
8/18/2024,2024,8,August,2024-08,Sunday
8/19/2024,2024,8,August,2024-08,Monday
8/20/2024,2024,8,August,2024-08,Tuesday
8/21/2024,2024,8,August,2024-08,Wednesday
8/22/2024,2024,8,August,2024-08,Thursday
8/23/2024,2024,8,August,2024-08,Friday
8/24/2024,2024,8,August,2024-08,Saturday
8/25/2024,2024,8,August,2024-08,Sunday
8/26/2024,2024,8,August,2024-08,Monday
8/27/2024,2024,8,August,2024-08,Tuesday
8/28/2024,2024,8,August,2024-08,Wednesday
8/29/2024,2024,8,August,2024-08,Thursday
8/30/2024,2024,8,August,2024-08,Friday
8/31/2024,2024,8,August,2024-08,Saturday
9/1/2024,2024,9,September,2024-09,Sunday
9/2/2024,2024,9,September,2024-09,Monday
9/3/2024,2024,9,September,2024-09,Tuesday
9/4/2024,2024,9,September,2024-09,Wednesday
9/5/2024,2024,9,September,2024-09,Thursday
9/6/2024,2024,9,September,2024-09,Friday
9/7/2024,2024,9,September,2024-09,Saturday
9/8/2024,2024,9,September,2024-09,Sunday
9/9/2024,2024,9,September,2024-09,Monday
9/10/2024,2024,9,September,2024-09,Tuesday
9/11/2024,2024,9,September,2024-09,Wednesday
9/12/2024,2024,9,September,2024-09,Thursday
9/13/2024,2024,9,September,2024-09,Friday
9/14/2024,2024,9,September,2024-09,Saturday
9/15/2024,2024,9,September,2024-09,Sunday
9/16/2024,2024,9,September,2024-09,Monday
9/17/2024,2024,9,September,2024-09,Tuesday
9/18/2024,2024,9,September,2024-09,Wednesday
9/19/2024,2024,9,September,2024-09,Thursday
9/20/2024,2024,9,September,2024-09,Friday
9/21/2024,2024,9,September,2024-09,Saturday
9/22/2024,2024,9,September,2024-09,Sunday
9/23/2024,2024,9,September,2024-09,Monday
9/24/2024,2024,9,September,2024-09,Tuesday
9/25/2024,2024,9,September,2024-09,Wednesday
9/26/2024,2024,9,September,2024-09,Thursday
9/27/2024,2024,9,September,2024-09,Friday
9/28/2024,2024,9,September,2024-09,Saturday
9/29/2024,2024,9,September,2024-09,Sunday
9/30/2024,2024,9,September,2024-09,Monday
10/1/2024,2024,10,October,2024-10,Tuesday
10/2/2024,2024,10,October,2024-10,Wednesday
10/3/2024,2024,10,October,2024-10,Thursday
10/4/2024,2024,10,October,2024-10,Friday
10/5/2024,2024,10,October,2024-10,Saturday
10/6/2024,2024,10,October,2024-10,Sunday
10/7/2024,2024,10,October,2024-10,Monday
10/8/2024,2024,10,October,2024-10,Tuesday
10/9/2024,2024,10,October,2024-10,Wednesday
10/10/2024,2024,10,October,2024-10,Thursday
10/11/2024,2024,10,October,2024-10,Friday
10/12/2024,2024,10,October,2024-10,Saturday
10/13/2024,2024,10,October,2024-10,Sunday
10/14/2024,2024,10,October,2024-10,Monday
10/15/2024,2024,10,October,2024-10,Tuesday
10/16/2024,2024,10,October,2024-10,Wednesday
10/17/2024,2024,10,October,2024-10,Thursday
10/18/2024,2024,10,October,2024-10,Friday
10/19/2024,2024,10,October,2024-10,Saturday
10/20/2024,2024,10,October,2024-10,Sunday
10/21/2024,2024,10,October,2024-10,Monday
10/22/2024,2024,10,October,2024-10,Tuesday
10/23/2024,2024,10,October,2024-10,Wednesday
10/24/2024,2024,10,October,2024-10,Thursday
10/25/2024,2024,10,October,2024-10,Friday
10/26/2024,2024,10,October,2024-10,Saturday
10/27/2024,2024,10,October,2024-10,Sunday
10/28/2024,2024,10,October,2024-10,Monday
10/29/2024,2024,10,October,2024-10,Tuesday
10/30/2024,2024,10,October,2024-10,Wednesday
10/31/2024,2024,10,October,2024-10,Thursday
11/1/2024,2024,11,November,2024-11,Friday
11/2/2024,2024,11,November,2024-11,Saturday
11/3/2024,2024,11,November,2024-11,Sunday
11/4/2024,2024,11,November,2024-11,Monday
11/5/2024,2024,11,November,2024-11,Tuesday
11/6/2024,2024,11,November,2024-11,Wednesday
11/7/2024,2024,11,November,2024-11,Thursday
11/8/2024,2024,11,November,2024-11,Friday
11/9/2024,2024,11,November,2024-11,Saturday
11/10/2024,2024,11,November,2024-11,Sunday
11/11/2024,2024,11,November,2024-11,Monday
11/12/2024,2024,11,November,2024-11,Tuesday
11/13/2024,2024,11,November,2024-11,Wednesday
11/14/2024,2024,11,November,2024-11,Thursday
11/15/2024,2024,11,November,2024-11,Friday
11/16/2024,2024,11,November,2024-11,Saturday
11/17/2024,2024,11,November,2024-11,Sunday
11/18/2024,2024,11,November,2024-11,Monday
11/19/2024,2024,11,November,2024-11,Tuesday
11/20/2024,2024,11,November,2024-11,Wednesday
11/21/2024,2024,11,November,2024-11,Thursday
11/22/2024,2024,11,November,2024-11,Friday
11/23/2024,2024,11,November,2024-11,Saturday
11/24/2024,2024,11,November,2024-11,Sunday
11/25/2024,2024,11,November,2024-11,Monday
11/26/2024,2024,11,November,2024-11,Tuesday
11/27/2024,2024,11,November,2024-11,Wednesday
11/28/2024,2024,11,November,2024-11,Thursday
11/29/2024,2024,11,November,2024-11,Friday
11/30/2024,2024,11,November,2024-11,Saturday
12/1/2024,2024,12,December,2024-12,Sunday
12/2/2024,2024,12,December,2024-12,Monday
12/3/2024,2024,12,December,2024-12,Tuesday
12/4/2024,2024,12,December,2024-12,Wednesday
12/5/2024,2024,12,December,2024-12,Thursday
12/6/2024,2024,12,December,2024-12,Friday
12/7/2024,2024,12,December,2024-12,Saturday
12/8/2024,2024,12,December,2024-12,Sunday
12/9/2024,2024,12,December,2024-12,Monday
12/10/2024,2024,12,December,2024-12,Tuesday
12/11/2024,2024,12,December,2024-12,Wednesday
12/12/2024,2024,12,December,2024-12,Thursday
12/13/2024,2024,12,December,2024-12,Friday
12/14/2024,2024,12,December,2024-12,Saturday
12/15/2024,2024,12,December,2024-12,Sunday
12/16/2024,2024,12,December,2024-12,Monday
12/17/2024,2024,12,December,2024-12,Tuesday
12/18/2024,2024,12,December,2024-12,Wednesday
12/19/2024,2024,12,December,2024-12,Thursday
12/20/2024,2024,12,December,2024-12,Friday
12/21/2024,2024,12,December,2024-12,Saturday
12/22/2024,2024,12,December,2024-12,Sunday
12/23/2024,2024,12,December,2024-12,Monday
12/24/2024,2024,12,December,2024-12,Tuesday
12/25/2024,2024,12,December,2024-12,Wednesday
12/26/2024,2024,12,December,2024-12,Thursday
12/27/2024,2024,12,December,2024-12,Friday
12/28/2024,2024,12,December,2024-12,Saturday
12/29/2024,2024,12,December,2024-12,Sunday
12/30/2024,2024,12,December,2024-12,Monday
12/31/2024,2024,12,December,2024-12,Tuesday
1/1/2025,2025,1,January,2025-01,Wednesday
1/2/2025,2025,1,January,2025-01,Thursday
1/3/2025,2025,1,January,2025-01,Friday
1/4/2025,2025,1,January,2025-01,Saturday
1/5/2025,2025,1,January,2025-01,Sunday
1/6/2025,2025,1,January,2025-01,Monday
1/7/2025,2025,1,January,2025-01,Tuesday
1/8/2025,2025,1,January,2025-01,Wednesday
1/9/2025,2025,1,January,2025-01,Thursday
1/10/2025,2025,1,January,2025-01,Friday
1/11/2025,2025,1,January,2025-01,Saturday
1/12/2025,2025,1,January,2025-01,Sunday
1/13/2025,2025,1,January,2025-01,Monday
1/14/2025,2025,1,January,2025-01,Tuesday
1/15/2025,2025,1,January,2025-01,Wednesday
1/16/2025,2025,1,January,2025-01,Thursday
1/17/2025,2025,1,January,2025-01,Friday
1/18/2025,2025,1,January,2025-01,Saturday
1/19/2025,2025,1,January,2025-01,Sunday
1/20/2025,2025,1,January,2025-01,Monday
1/21/2025,2025,1,January,2025-01,Tuesday
1/22/2025,2025,1,January,2025-01,Wednesday
1/23/2025,2025,1,January,2025-01,Thursday
1/24/2025,2025,1,January,2025-01,Friday
1/25/2025,2025,1,January,2025-01,Saturday
1/26/2025,2025,1,January,2025-01,Sunday
1/27/2025,2025,1,January,2025-01,Monday
1/28/2025,2025,1,January,2025-01,Tuesday
1/29/2025,2025,1,January,2025-01,Wednesday
1/30/2025,2025,1,January,2025-01,Thursday
1/31/2025,2025,1,January,2025-01,Friday
2/1/2025,2025,2,February,2025-02,Saturday
2/2/2025,2025,2,February,2025-02,Sunday
2/3/2025,2025,2,February,2025-02,Monday
2/4/2025,2025,2,February,2025-02,Tuesday
2/5/2025,2025,2,February,2025-02,Wednesday
2/6/2025,2025,2,February,2025-02,Thursday
2/7/2025,2025,2,February,2025-02,Friday
2/8/2025,2025,2,February,2025-02,Saturday
2/9/2025,2025,2,February,2025-02,Sunday
2/10/2025,2025,2,February,2025-02,Monday
2/11/2025,2025,2,February,2025-02,Tuesday
2/12/2025,2025,2,February,2025-02,Wednesday
2/13/2025,2025,2,February,2025-02,Thursday
2/14/2025,2025,2,February,2025-02,Friday
2/15/2025,2025,2,February,2025-02,Saturday
2/16/2025,2025,2,February,2025-02,Sunday
2/17/2025,2025,2,February,2025-02,Monday
2/18/2025,2025,2,February,2025-02,Tuesday
2/19/2025,2025,2,February,2025-02,Wednesday
2/20/2025,2025,2,February,2025-02,Thursday
2/21/2025,2025,2,February,2025-02,Friday
2/22/2025,2025,2,February,2025-02,Saturday
2/23/2025,2025,2,February,2025-02,Sunday
2/24/2025,2025,2,February,2025-02,Monday
2/25/2025,2025,2,February,2025-02,Tuesday
2/26/2025,2025,2,February,2025-02,Wednesday
2/27/2025,2025,2,February,2025-02,Thursday
2/28/2025,2025,2,February,2025-02,Friday
3/1/2025,2025,3,March,2025-03,Saturday
3/2/2025,2025,3,March,2025-03,Sunday
3/3/2025,2025,3,March,2025-03,Monday
3/4/2025,2025,3,March,2025-03,Tuesday
3/5/2025,2025,3,March,2025-03,Wednesday
3/6/2025,2025,3,March,2025-03,Thursday
3/7/2025,2025,3,March,2025-03,Friday
3/8/2025,2025,3,March,2025-03,Saturday
3/9/2025,2025,3,March,2025-03,Sunday
3/10/2025,2025,3,March,2025-03,Monday
3/11/2025,2025,3,March,2025-03,Tuesday
3/12/2025,2025,3,March,2025-03,Wednesday
3/13/2025,2025,3,March,2025-03,Thursday
3/14/2025,2025,3,March,2025-03,Friday
3/15/2025,2025,3,March,2025-03,Saturday
3/16/2025,2025,3,March,2025-03,Sunday
3/17/2025,2025,3,March,2025-03,Monday
3/18/2025,2025,3,March,2025-03,Tuesday
3/19/2025,2025,3,March,2025-03,Wednesday
3/20/2025,2025,3,March,2025-03,Thursday
3/21/2025,2025,3,March,2025-03,Friday
3/22/2025,2025,3,March,2025-03,Saturday
3/23/2025,2025,3,March,2025-03,Sunday
3/24/2025,2025,3,March,2025-03,Monday
3/25/2025,2025,3,March,2025-03,Tuesday
3/26/2025,2025,3,March,2025-03,Wednesday
3/27/2025,2025,3,March,2025-03,Thursday
3/28/2025,2025,3,March,2025-03,Friday
3/29/2025,2025,3,March,2025-03,Saturday
3/30/2025,2025,3,March,2025-03,Sunday
3/31/2025,2025,3,March,2025-03,Monday
4/1/2025,2025,4,April,2025-04,Tuesday
4/2/2025,2025,4,April,2025-04,Wednesday
4/3/2025,2025,4,April,2025-04,Thursday
4/4/2025,2025,4,April,2025-04,Friday
4/5/2025,2025,4,April,2025-04,Saturday
4/6/2025,2025,4,April,2025-04,Sunday
4/7/2025,2025,4,April,2025-04,Monday
4/8/2025,2025,4,April,2025-04,Tuesday
4/9/2025,2025,4,April,2025-04,Wednesday
4/10/2025,2025,4,April,2025-04,Thursday
4/11/2025,2025,4,April,2025-04,Friday
4/12/2025,2025,4,April,2025-04,Saturday
4/13/2025,2025,4,April,2025-04,Sunday
4/14/2025,2025,4,April,2025-04,Monday
4/15/2025,2025,4,April,2025-04,Tuesday
4/16/2025,2025,4,April,2025-04,Wednesday
4/17/2025,2025,4,April,2025-04,Thursday
4/18/2025,2025,4,April,2025-04,Friday
4/19/2025,2025,4,April,2025-04,Saturday
4/20/2025,2025,4,April,2025-04,Sunday
4/21/2025,2025,4,April,2025-04,Monday
4/22/2025,2025,4,April,2025-04,Tuesday
4/23/2025,2025,4,April,2025-04,Wednesday
4/24/2025,2025,4,April,2025-04,Thursday
4/25/2025,2025,4,April,2025-04,Friday
4/26/2025,2025,4,April,2025-04,Saturday
4/27/2025,2025,4,April,2025-04,Sunday
4/28/2025,2025,4,April,2025-04,Monday
4/29/2025,2025,4,April,2025-04,Tuesday
4/30/2025,2025,4,April,2025-04,Wednesday
5/1/2025,2025,5,May,2025-05,Thursday
5/2/2025,2025,5,May,2025-05,Friday
5/3/2025,2025,5,May,2025-05,Saturday
5/4/2025,2025,5,May,2025-05,Sunday
5/5/2025,2025,5,May,2025-05,Monday
5/6/2025,2025,5,May,2025-05,Tuesday
5/7/2025,2025,5,May,2025-05,Wednesday
5/8/2025,2025,5,May,2025-05,Thursday
5/9/2025,2025,5,May,2025-05,Friday
5/10/2025,2025,5,May,2025-05,Saturday
5/11/2025,2025,5,May,2025-05,Sunday
5/12/2025,2025,5,May,2025-05,Monday
5/13/2025,2025,5,May,2025-05,Tuesday
5/14/2025,2025,5,May,2025-05,Wednesday
5/15/2025,2025,5,May,2025-05,Thursday
5/16/2025,2025,5,May,2025-05,Friday
5/17/2025,2025,5,May,2025-05,Saturday
5/18/2025,2025,5,May,2025-05,Sunday
5/19/2025,2025,5,May,2025-05,Monday
5/20/2025,2025,5,May,2025-05,Tuesday
5/21/2025,2025,5,May,2025-05,Wednesday
5/22/2025,2025,5,May,2025-05,Thursday
5/23/2025,2025,5,May,2025-05,Friday
